id	title	group	nearNode	riskScore	intro
es_recruit	지붕 위의 안테나	companion-first-meet	daejeon,sejong,cheongju,nonsan	14	폐 기지국 지붕에서 여자가 안테나를 돌리고 있다. 수신기 헤드폰을 목에 걸고. 차를 보고도 놀라지 않는다. 오히려 기다렸다는 듯이. "남쪽 번호판. 서울 방향." 여자가 가리킨 건 하늘의 점 하나다. "천리안 관제센터에서 일했어요. 은수라고 해요." 수신기에서 좌표가 반복된다. 은수의 얼굴이 굳는다. "이 근처 잔류자 좌표예요. 내가 예전에 켠 중계기가 아직도 올리고 있어요. 저걸 놔두고 서울로 가면, 난 또 같은 일을 하는 거예요."
meet_scrapyard	자동차 무덤	companion-first-meet	ulsan,gyeongju,pohang,yangsan	13	공단 옆 폐차장. 수백 대의 차가 탑처럼 쌓여 있다. 그 꼭대기에서 불꽃이 튄다. 용접 불꽃. 사람이다. "거기 생활차! 잠깐 세워 봐요!" 앳된 목소리가 차 더미를 타고 내려온다. "엔진 소리, 아까부터 이상해요."
jy_recruit	리어카를 끄는 아이	companion-first-meet	gunsan,mokpo,gimcheon,gumi	12	고물을 산처럼 실은 리어카가 갓길을 간다. 끄는 건 스무 살쯤의 아이. 차를 보더니 리어카를 세우고 팔짱을 낀다. "그 차, 왼쪽 뒤 판스프링 헐거운 거 알아요? 소리 들리는데. 난 재이예요." 재이는 북쪽 길을 묻다가, 무너진 재활용 창고 쪽을 돌아본다. "갈 순 있는데… 저 안에 우리 집 상자가 깔렸어요. 돈 될 건 하나도 없고요. 그래서 더 내가 꺼내야 해요."
cell_dome_meet	돔의 하 여사	resistance-cell	daegu	9	대구 돔 시장 안쪽, 장부와 서류가 산처럼 쌓인 방. 돋보기를 낀 여장부가 만년필로 뭔가를 적고 있다. 전자기기는 하나도 없다. "앉지 말고 서서 말해. 오래 걸릴 일 아니면." 만년필을 놓지도 않는다.
ev_cablecar_hang	멈춘 케이블카	special-node-scene	cablecar	9	계곡을 가로지르는 케이블에 곤돌라 하나가 매달린 채 멈춰 있다. 바람이 불 때마다 끼익, 끼익 흔들린다. 안엔 아무도 없다. 아마도. 누군가 곤돌라 유리에 손가락으로 글씨를 써놨다. "여기 좋다."
lc_chungju_lake	호수의 수몰 마을	local-culture	chungju,danyang	9	가뭄으로 충주호 수위가 내려가 옛 수몰 마을이 드러났다. 30년 만에 물 밖으로 나온 돌담과 우물과 마을 회관 터. 나이 든 사람들이 진흙 위를 조심조심 걷고 있다. "여기가 우리 집이었어."
meet_bus	넘어진 버스	companion-first-meet	gumi,gimcheon,sangju	9	시외버스가 옆으로 누워 있다. 사고는 오래전인데— 안에서 소리가 난다. "거기 누구 있어요?! 문이 안 열려요!" 노인의 목소리다.
meet_hitchhiker	밤의 히치하이커	companion-first-meet	jeonju,gwangju,damyang,namwon,suncheon	9	헤드라이트에 잡힌 실루엣. 기타 케이스를 멘 남자와, 그 옆에 앉은 개 한 마리. 남자가 엄지를 든다. 개는 꼬리를 흔든다. 이 시국에 밤길에서 엄지를 드는 배짱이라니.
npc_jaepil_2	꺼지지 않는 촛불	settlement-npc-followup	muju	9	무주 터널 안쪽. 재필이 사다리를 타고 천장의 촛불을 손보고 있다. 자세히 보니— 촛불마다 밑에 작은 이름표가 달려 있다.
npc_sundeok_2	순덕의 부탁	settlement-npc-followup	miryang	9	밀양 장터. 순덕이 좌판 아래를 뒤지다 우리를 불러 세웠다. "북쪽 간다 했지. …수원, 지나가나?" 꺼낸 건 낡은 사진 한 장. 활을 멘 청년이 성벽 위에서 어색하게 웃고 있다.
cell_sotgot_meet	솥의 금자	resistance-cell	gwangju	8	광주 대인시장 국밥집. 금자 이모가 커다란 솥에 국물을 붓다가 우리를 보고 국자를 흔든다. "어이구 왔는가! …아니 잠깐. 자네들, 이음망이 말한 그 달구지제? 앉아 앉아. 밥부터."
ev_container_port	봉인된 컨테이너	special-node-scene	pyeongtaek	8	평택 항구도로. 컨테이너가 산맥처럼 쌓였다. 전부 정부 봉인 스티커가 붙은 채로. "정리 대상 — 개봉 금지." 오래전 날짜. 천리안의 글씨체다. 봉인 하나가 살짝 뜯겨 있다.
npc_miyoung_2	서문의 외상 장부	settlement-npc-followup	jeonju	8	전주 서문 시장. 미영이 두꺼운 공책을 넘기고 있다. 표지에 「외상」. "요즘 세상에 외상이요?" 물으니 미영이 씩 웃었다.
cell_sea_meet	해도의 김 선장	resistance-cell	busan,yeosu,mokpo,pohang,ulsan	6	항구 방파제. 소금기에 전 노인이 낡은 어선 앞에서 그물을 손질하고 있다. 우리를 위아래로 훑더니, 대뜸. "육지 것들이구먼. …이음망에서 얘기 들었나? 달구지라 그랬는데."
granny_arrive	도착한 사람	other	suwon,pyeongtaek	6	수원 성곽 어귀, 낯익은 경운기가 세워져 있다. 짐칸이 비었다. 시장통에서 그 할머니가— 앞치마를 두르고 국수를 말고 있다. 옆에서 청년 하나가 서툰 손으로 고명을 얹는 중이다. "왔는가!" 할머니가 국자를 든 채 환하게 웃었다. "내 손주야. 인사해라, 이 젊은이들이 네 할미 은인이다."
lc_daegu_makchang	막창 골목의 불	local-culture	daegu	6	대구 외곽, 어둠 속에서 숯불 냄새가 차를 습격한다. 포장마차 하나가 영업 중이다. "막창 굽습니더. 고철 받고예." 연기가 신호탄처럼 오른다. 이건 도저히 그냥 못 지나간다.
lc_daejeon_bakery	빵집의 전설	local-culture	daejeon	6	대전역 앞, 전국에서 제일 유명했던 빵집의 폐허. 셔터에 누가 분필로 적어놨다. "튀김소보로의 명복을 빕니다. 다시는 이런 빵 없다." 그 아래 답글들. "인정" "줄 서서 먹던 시절이 그립다" "레시피 아시는 분 계승 바람"
lc_mokpo_hongeo	홍어 입문 시험	local-culture	mokpo	6	목포 골목의 좌판. 아짐이 접시를 내민다. "묵어봤능가? 삭힌 거. 목포 왔으면 통과의례여." 접시에서 존재감이 강력한 냄새가 올라온다. 차 안의 시선이 서로를 향한다. 누가 먼저?
lc_nonsan_camp	훈련소 정문	local-culture	nonsan	6	논산 훈련소 정문 앞. 강우가 창밖을 오래 본다. "…스물둘에 저 문으로 들어갔다. 머리 밀고. 엄마가 울고." 정문 안쪽 연병장엔 잡초가 도열해 있다.
near_miryang_ice	얼음골	regional-landmark	miryang	6	한여름인데 계곡 바위틈에서 찬바람이 새어 나온다. 밀양 얼음골이다. 바위 밑에 손을 넣으면— 진짜 얼음이 만져진다. 냉장고가 죽은 세상에서, 산이 냉장고를 하고 있다.
npc_taeho_2	돔의 규칙	settlement-npc-followup	daegu	6	돔 시장에서 태호가 순찰을 돌다 우리 정차 자리 곁에 멈췄다. "규칙은 하나야. 시장 안에선 싸우지 마라. …왜 하난지 아나?"
cell_ghost_meet	유령	resistance-cell	daejeon,sejong	5	폐 통신국. 안에 사람이 있는 것 같은데 보이지 않는다. 스피커에서만 목소리가 난다. "거기 서. 얼굴은 됐고. …이음망 코드 대." 한별이 알려준 문구를 말하자, 스피커가 잠깐 조용하더니 웃었다. "통과. 우린 유령이야. 천리안한테 안 보이는 게 일이거든."
cell_sea_2	해도의 전언	resistance-cell	gunsan,pyeongtaek,mokpo	5	서해안 포구. 낯선 어선이 우리를 보고 뱃고동을 두 번 울렸다. 김 선장의 신호다(해도의 배는 다 안다). 젊은 뱃사람이 방수 꾸러미를 던지며 외쳤다. "선장님이! 북쪽 소식 전하래요!"
ev_fog_pass	고갯마루 안개	special-node-scene	daegwallyeong	5	대관령. 안개가 우유처럼 짙다. 3미터 앞 가드레일도 안 보인다. 낭떠러지가 어느 쪽인지 감이 안 온다. 잘못 밟으면 그대로 끝이다.
ev_lighthouse_visit	등대	special-node-scene	lighthouse	5	바닷가 흰 등대. 불은 꺼졌지만 등탑은 온전하다. 나선 계단을 오르니 등대지기의 방. 항해일지가 책상에 펼쳐져 있다. 마지막 장. "오늘도 배는 오지 않았다. 그래도 불은 켠다."
lc_cheonan_walnut	호두과자의 원조	local-culture	cheonan	5	국도변에 연기 오르는 리어카. 호두과자 기계가 돌아간다. 수동 개조판이다. "천안이니까요. 여기서 호두과자 없으면 그게 멸망이죠." 페달을 밟아 기계를 돌리는 청년의 다리가 우람하다.
lc_gunsan_bakery	가장 오래된 빵집	local-culture	gunsan	5	군산, 전국에서 가장 오래된 빵집이었던 곳. 놀랍게도— 문이 열려 있다. 3대째 주인이 장작 오븐으로 단팥빵을 굽고 있다. "전기가 끊긴 거지, 오븐이 끊긴 게 아니거든. 원래 장작으로 시작한 집이야. 원점 회귀지."
lc_pohang_gwamegi	과메기 덕장	local-culture	pohang	5	해풍에 꽁치가 줄줄이 마르는 덕장. 갯내와 비린내와 바람. 덕장 주인이 부른다. "젊은이들! 과메기 먹어봤나? 초장에 미역 싸서. 못 먹으면 반값, 잘 먹으면 덤!"
lc_sejong_library	개관 못 한 도서관	local-culture	sejong,gongju	5	세종의 거대한 국립도서관. 개관 예정일 현수막이 오랫동안 걸려 있다. 안에는— 포장도 안 뜯은 새 책 수십만 권. 세상에서 제일 큰 새 책 냄새가 난다.
lc_suwon_galbi	왕갈비의 냄새	local-culture	suwon	5	수원 성곽 근처. 어디선가 갈비 양념 냄새가 난다. 성곽 공동체의 저녁 배식 준비다. 오늘이 한 달에 한 번 있는 "고기날"이란다. 문지기가 씩 웃는다. "타이밍 좋네. 손님도 한 접시요."
lc_yeongdong_wine	와인 터널	local-culture	yeongdong,gimcheon	5	폐 철도 터널을 개조한 와인 저장고. 서늘한 어둠 속에 술통들이 잠들어 있다. 입구 방명록: "가져가는 만큼 사연을 적을 것 — 관리인" 사연 노트가 이미 세 권째다.
near_geochang_actor	무대 위의 한 사람	regional-landmark	geochang	5	거창 읍내 폐극장. 문틈으로 목소리가 샌다. "…죽느냐 사느냐, 그것이 문제로다—" 무대 위에 남자 하나. 객석은 텅 비었는데, 정장까지 갖춰 입고 독백 연습 중이다.
near_muju_firefly	반딧불이 계곡	regional-landmark	muju	5	무주 계곡길. 헤드라이트를 끄자— 계곡 전체가 별밭이 됐다. 반딧불이 수천 마리. 불빛 하나하나가 느리게 깜빡이며 떠다닌다. 오래전엔 보호구역이었다. 지금은 세상 전체가 보호구역이다.
npc_deokgu_2	북쪽만 보는 문지기	settlement-npc-followup	suwon	5	수원 성곽. 덕구가 순찰을 돈다. 따라가 봤다. 성벽 위 화살수들은 전부 북쪽을 본다. 덕구도. 오랫동안 남쪽에선 아무도 안 온다는 듯이. "…왜 북쪽만 보냐고? 지나가는 놈마다 묻지. 아무도 답은 못 듣고."
parcel_found	세 살의 주인	other	suwon,pyeongtaek,seoul	5	수원 성곽 근처 밭에서 일하는 부부. 옆에서 아이가 흙장난 중이다. "김하늘 어린이 맞나요? 오래전에 주문하신 물건이… 이제 도착해서요." 신발 상자를 내밀었다. 부부가 얼어붙었다.
van_garage	대양카센터	other	gimcheon,gumi,sangju	5	국도변, 간판이 반쯤 떨어진 카센터. 「대양카센ㅌ」. 영수증의 그곳이다. 셔터는 내려가 있지만 옆문이 열려 있다. 정비 피트엔 낙엽이 쌓였고, 벽에는 폴라로이드가 수십 장 붙어 있다. 이 카센터를 거쳐간 차들과 주인들.
cell_mountain_meet	산지기	resistance-cell	daegwallyeong,gangneung,wonju,geochang,mungyeong	3	산길 중턱. 나무 사이에서 사람 그림자들이 소리 없이 나타났다. 사냥꾼 차림, 무기는 활. 총이 아니라. "…길 잃었나. 아니면 이음망?" 앞선 이가 물었다. 눈빛이 짐승처럼 밝다.
ev_plum_blossom	매화 그늘	special-node-scene	maehwa	3	폐가 마당에 매화나무 한 그루가 만개했다. 집은 무너졌는데 나무만 철따라 어김없이 핀다. 꽃잎이 바람에 날려 차 앞유리에 붙었다 떨어진다.
ev_seaside_restaurant	바닷가 폐횟집	special-node-scene	sokcho,gangneung,pohang	3	파도 소리. 유리창이 다 깨진 횟집이 바다를 마주보고 서 있다. 수족관은 오래전 말랐고, 벽엔 빛바랜 메뉴판. "모둠회 (시가)". 바다는 아무 일 없다는 듯, 여전히 밀려왔다 밀려간다.
ev_sunflower_field	해바라기밭	special-node-scene	sunflower	3	길가에 해바라기가 지평선까지 피었다. 아무도 심지 않았는데 저 혼자 몇 년째 씨를 떨구고 다시 폈다. 전부 같은 쪽— 폐허가 된 도시 반대편, 아직 해가 뜨는 쪽을 보고 있다.
lc_andong_fish	간고등어 지게	local-culture	andong	3	지게에 간고등어 두름을 진 행상이 고개를 넘는다. "옛날엔 바다에서 안동까지 이틀. 소금 안 치면 다 상했지. 간잽이가 괜히 있나." "지금도 이틀 걸려. 세상이 옛날로 돌아온 거지, 뭐."
lc_busan_dried	자갈치 아지매	local-culture	busan,gimhae	3	리어카 가득 건어물을 실은 아지매가 손을 흔든다. "오데 가노! 서울?! 아이고 야야, 그라모 이거 무라. 마른 것들은 배신 안 한데이."
lc_damyang_juktong	죽통밥 굽는 사람	local-culture	damyang,gwangju	3	대숲 어귀 모닥불에서 대나무 통이 익어간다. "죽통밥이요. 대나무가 밥을 지키고, 밥이 대나무 향을 얻고. 서로 돕는 밥이죠."
lc_gyeongju_stars	첨성대 관측회	local-culture	gyeongju	3	첨성대 앞 잔디밭에 사람들이 누워 있다. "별 보러 오셨어요? 여기가 명당이에요. 1400년 전에도 여기서 별을 봤대요. 조상님들 안목은 못 속여."
lc_icheon_rice	가마솥 쌀밥집	local-culture	icheon	3	이천 쌀밥집 거리의 마지막 생존 가게. 가마솥에서 김이 오른다. "쌀은 우리가 직접 지어. 이천이잖아." 반찬은 세 가지뿐이지만 밥에서 광이 난다. 문자 그대로.
lc_jeonju_bibim	비빔밥 트럭	local-culture	jeonju	3	전주 외곽, 짐칸을 주방으로 개조한 트럭. "전주가 밥의 수도였다는 걸 잊지 않게 하려고 다닙니다." 요리사가 재료를 늘어놓는다. 콩나물, 고사리, 계란… 없는 건 "마음의 눈으로" 채우란다.
lc_ulsan_whale	귀신고래	local-culture	ulsan	3	장생포 앞바다. 낚시하던 노인이 갑자기 소리친다. "저기!! 저기 봐라!!" 수면 위로— 거대한 등이 천천히 솟았다 가라앉는다. 물기둥이 하늘로 뿜어진다. "귀신고래다… 몇십 년 만에 돌아온 기고… 사람이 조용해지니까 왔데이…"
near_hapcheon_sutra	목판을 지키는 사람	regional-landmark	hapcheon	3	가야산 방향 갈림길에서 승복 차림의 남자가 손수레를 밀고 있다. 수레엔 나무 상자들이 실렸다. "목판입니다." 스님이 담담히 말했다. "산문이 무너져서, 옮길 수 있는 것부터 옮기는 중입니다. 팔백 년을 버틴 나무라, 저희가 못 지키면 면목이 없지요."
near_jinju_lantern	남강의 유등	regional-landmark	jinju	3	진주 남강. 밤 강물 위에 불빛 몇 개가 떠 있다. 유등이다. 축제는 오래전에 끝났는데— 누군가 아직 등을 만들어 띄우고 있다. 강가에 노인 한 명. 발밑에 만들다 만 등이 서너 개.
near_mungyeong_omija	오미자 할머니	regional-landmark	mungyeong	3	문경 산길 초입, 평상에 유리병들이 진열돼 있다. 붉은 액체— 오미자청이다. "다섯 가지 맛이 나서 오미자야." 평상의 할머니가 병 하나를 흔들었다. "단맛 신맛 쓴맛 짠맛 매운맛. 인생 축소판이지."
near_yeosu_camellia	동백숲	regional-landmark	yeosu	3	여수 해안가 동백숲. 꽃이 만개했다. 동백은 지는 방식이 다르다— 시들지 않고, 통째로 툭 떨어진다. 숲 바닥이 떨어진 꽃송이로 붉은 카펫이다. 지는 것까지 예쁜 건 반칙이라고, 중얼거림이 샜다.
npc_drhan_2	반쪽 수식	settlement-npc-followup	daejeon	3	연구단지 코뮌. 한 박사가 정리되지 않은 연구실의 화이트보드 앞에 서 있다. 절반은 수식, 절반은 지운 자국. "…이 지운 자국이요, 제가 지운 게 아닙니다."